,BUILDING_NUMBER,BUILDING_NAME_LONG,BUILDING_GROUP_LEVEL1,CLUSTER_NUM,BUILDING_TYPE,BUILDING_USE,SITE,CAMPUS_SECTOR,YEAR_CONST_BEGAN,YEAR_OCCUPIED,LATITUDE_WGS,LONGITUDE_WGS,OWNERSHIP_TYPE,BUILDING_HEIGHT,NUM_OF_ROOMS,EXT_GROSS_AREA,ASSIGNABLE_AREA,NON_ASSIGNABLE_AREA,BLDG_SRV,CIRCULAT,CLASSRMS,GENERAL,HEALTH,LABS,MECHANIC,OFFICES,RESIDENT,SPECIAL,STUDY,SUPPORT,UNCLASS,USEABLE_AREA,STRUCT_AREA,LEVEL3_CATEGORY,LEVEL2_CATEGORY,PI_CONNECTION,METER_STATUS,TotalUsable,SumZoneTypes
0,1,Henry L Pierce Engineering Laboratory,Non-CUP,Lab & Mixed Use,ACADEMIC,AER,MIT,MAIN GROUP,1913.0,1917.0,42.3580859,-71.09235723,OWNED,81.4,403.0,116038.74,75943.9,29171.29,2154.71,19795.43,13107.48,147.58,0.0,28105.06,7221.15,34476.15,0.0,0.0,0.0,107.63,0.0,105115.19,10923.55,Chilled Water,Produced,Y,Chilled Water Only,105115.19,105115.19
1,10,Richard Cockburn MacLaurin Buildings (10),Non-CUP,Lab & Mixed Use,ACADEMIC,AER,MIT,MAIN GROUP,1913.0,1916.0,42.35967738,-71.09201647,OWNED,149.2,567.0,144463.46,85571.66,42925.24,1476.08,25779.02,5249.28,2419.93,0.0,8922.65,15670.14,46632.49,0.0,0.0,21986.92,360.39,0.0,128496.9,15966.56,Chilled Water,Produced,Y,Chilled Water Only,128496.9,128496.9
2,11,Homberg Building,Non-CUP,Lab & Mixed Use,ACADEMIC,AER,MIT,MAIN GROUP,1927.0,1928.0,42.35952201,-71.09277267,OWNED,72.5,189.0,26777.38,19086.24,4860.08,14.0,3277.76,0.0,214.59,0.0,0.0,1568.32,16056.74,0.0,0.0,0.0,2814.91,0.0,23946.32,2831.06,Chilled Water,Produced,N,No Individual Metering,23946.32,23946.32
3,12,Lisa T. Su Building,Non-CUP,Office & Mixed Use,ACADEMIC,AER,MIT,MAIN GROUP,,,,,OWNED,0.0,376.0,237776.9,94638.32,116713.3,2078.16,46431.53,0.0,0.0,0.0,82613.41,68203.61,10676.35,0.0,0.0,0.0,1348.56,0.0,211351.62,26425.28,Chilled Water,Produced,,,211351.62,211351.62
4,13,Vannevar Bush Building,Non-CUP,Lab & Mixed Use,ACADEMIC,AER,MIT,MAIN GROUP,1963.0,1965.0,42.35994386,-71.09255152,OWNED,69.1,578.0,183539.92,95795.57,72485.61,2522.57,42250.99,2578.22,0.0,0.0,60757.54,27712.05,31324.56,0.0,0.0,0.0,741.04,394.21,168281.18,15258.74,Chilled Water,Produced,Y,Fully Metered,168810.17,168810.17
5,14,Charles Hayden Memorial Library,Non-CUP,Lab & Mixed Use,ACADEMIC,AER,MIT,MAIN GROUP,1948.0,1951.0,42.35918261,-71.089304,OWNED,70.4,92.0,142706.51,89203.75,48792.34,3336.98,30325.77,4197.1,1078.3,0.0,5865.97,15129.59,32809.91,0.0,353.65,42976.29,1922.53,0.0,137996.09,4710.42,Chilled Water,Produced,Y,Chilled Water & Electric,137996.09,137996.09
6,16,Dorrance Building,Non-CUP,Lab & Mixed Use,ACADEMIC,AER,MIT,MAIN GROUP,1950.0,1952.0,42.36043478,-71.09059277,OWNED,122.9,374.0,116006.44,57891.59,46843.43,2877.56,28142.23,9231.58,315.74,0.0,26841.44,15823.64,21165.45,0.0,0.0,0.0,337.38,0.0,104735.02,11271.42,Chilled Water,Produced,Y,Steam Only,104822.52,104822.52
7,17,Wright Brothers Wind Tunnel,Non-CUP,Lab Dominant,ACADEMIC,AER,MIT,MAIN GROUP,1937.0,1939.0,42.360113,-71.09349326,OWNED,22.0,14.0,6074.7,4861.22,263.41,29.75,232.4,0.0,0.0,0.0,4861.22,1.26,0.0,0.0,0.0,0.0,0.0,0.0,5124.63,950.07,Electricity,Produced,Y,No Individual Metering,10750.53,10750.53
8,18,Camille Edouard Dreyfus Building,Non-CUP,Lab & Mixed Use,ACADEMIC,AER,MIT,MAIN GROUP,1967.0,1969.0,42.36006975,-71.08982131,OWNED,82.5,529.0,133732.1,75653.17,41215.37,1290.79,21045.71,0.0,0.0,0.0,64331.73,18878.87,11321.44,0.0,0.0,0.0,0.0,0.0,116868.54,16863.56,Chilled Water,Produced,Y,Fully Metered,116875.37,116875.37
9,2,THE SIMONS BUILDING,Non-CUP,Lab & Mixed Use,ACADEMIC,AER,MIT,MAIN GROUP,1913.0,1916.0,42.35881273,-71.09018269,OWNED,82.6,384.0,133168.22,73699.9,43053.58,2369.95,26166.93,9760.72,0.0,0.0,22451.38,14516.7,41173.38,0.0,0.0,0.0,314.42,0.0,116753.48,16414.74,Chilled Water,Produced,Y,Chilled Water & Electric,116753.48,116753.48
10,24,Building 24,Non-CUP,Lab & Mixed Use,ACADEMIC,AER,MIT,MAIN GROUP,1941.0,1941.0,42.3606665,-71.09201464,OWNED,84.1,316.0,78022.39,48984.22,22154.34,1363.82,16328.18,6835.5,1011.35,0.0,8946.74,4462.34,29619.57,0.0,0.0,0.0,2571.06,0.0,71138.56,6883.83,Chilled Water,Produced,Y,Fully Metered,71138.56,71138.56
11,26,Karl Taylor Compton Laboratories,Non-CUP,Lab & Mixed Use,ACADEMIC,AER,MIT,MAIN GROUP,1955.0,1957.0,42.36085795,-71.09115294,OWNED,78.7,387.0,133479.58,80363.1,42700.18,2919.16,24971.12,17120.44,0.0,0.0,27643.78,14809.9,35219.3,0.0,0.0,0.0,379.58,0.0,123063.28,10416.3,Chilled Water,Produced,Y,Fully Metered,122979,122979
12,3,Richard Cockburn MacLaurin Buildings (3),Non-CUP,Lab & Mixed Use,ACADEMIC,AER,MIT,MAIN GROUP,1913.0,1916.0,42.35900694,-71.09239741,OWNED,85.5,544.0,160694.2,104693.45,40630.76,2517.73,28624.15,5999.82,0.0,0.0,47613.55,9488.88,49092.05,0.0,0.0,682.9,1305.13,0.0,145324.21,15369.99,Chilled Water,Produced,Y,Chilled Water Only,145324.21,145324.21
13,31,Sloan Laboratories For Aircraft & Automotive Engineering,Non-CUP,Lab & Mixed Use,ACADEMIC,AER,MIT,MAIN GROUP,1928.0,1928.0,42.36037362,-71.09306201,OWNED,46.2,334.0,76205.74,52864.96,15926.53,1099.15,5288.7,1958.52,181.44,0.0,31746.86,9538.68,18502.69,0.0,0.0,0.0,211.87,263.58,68791.49,7414.25,Chilled Water,Produced,Y,Fully Metered,69513.85,69513.85
14,32,Ray and Maria Stata Center,Non-CUP,Lab & Mixed Use,ACADEMIC,AER,MIT,MAIN GROUP,2004.0,2004.0,42.36159672,-71.09056854,OWNED,140.0,1316.0,463889.51,286099.28,121910.35,7446.09,73834.0,20289.12,35710.12,0.0,35095.63,40630.26,155127.18,0.0,0.0,3720.96,36156.27,0.0,408009.63,55879.8799999999,Chilled Water,Produced,Y,Fully Metered,408009.63,408009.63
15,32P,Ray and Maria Stata Center Garage,Non-CUP,Lab Dominant,SERVICE,GAR,MIT,MAIN GROUP,2003.0,2003.0,,,OWNED,0.0,33.0,239353.28,219250.33,10269.82,0.0,2432.82,0.0,0.0,0.0,0.0,7837.0,924.19,0.0,0.0,0.0,218326.14,0.0,229520.15,9833.12999999998,Electricity,Produced,N,No Individual Metering,229520.15,229520.15
16,33,Daniel Guggenheim Aeronautical Laboratory,Non-CUP,Lab & Mixed Use,ACADEMIC,AER,MIT,MAIN GROUP,1927.0,1928.0,42.36017838,-71.09374587,OWNED,56.5,155.0,47128.95,32180.64,11482.2,692.91,8859.81,2845.47,620.0,0.0,9227.7,1929.48,19487.47,0.0,0.0,0.0,0.0,0.0,43662.84,3466.11,Chilled Water,Produced,Y,Chilled Water Only,43662.84,43662.84
17,34,EG&G Education Center,Non-CUP,Lab & Mixed Use,ACADEMIC,AER,MIT,MAIN GROUP,1982.0,1983.0,42.36113825,-71.09195128,OWNED,81.3,62.0,25951.44,14472.14,10198.28,45.5,6745.54,6854.96,0.0,0.0,3972.19,3407.24,3644.99,0.0,0.0,0.0,0.0,0.0,24670.42,1281.02,Chilled Water,Produced,Y,Chilled Water Only,24670.42,24670.42
18,35,Sloan Laboratory,Non-CUP,Lab & Mixed Use,ACADEMIC,AER,MIT,MAIN GROUP,1950.0,1952.0,42.36038118,-71.09402814,OWNED,80.3,238.0,68012.32,41629.94,18920.47,1686.19,13112.98,2889.95,0.0,0.0,17723.55,4121.3,21016.44,0.0,0.0,0.0,0.0,0.0,60550.41,7461.91,Chilled Water,Produced,Y,Chilled Water & Steam,60550.41,60550.41
19,36,Fairchild Buildings (36),Non-CUP,Lab & Mixed Use,ACADEMIC,AER,MIT,MAIN GROUP,1971.0,1973.0,42.36143722,-71.09166758,OWNED,117.4,604.0,144920.44,72220.21,56625.06,5039.96,29362.67,4459.09,781.9,0.0,29862.45,22222.43,36982.89,0.0,0.0,0.0,133.88,0.0,128845.27,16075.17,Chilled Water,Produced,Y,Chilled Water & Steam,128845.27,128845.27
20,37,Ronald E McNair Building,Non-CUP,Lab & Mixed Use,ACADEMIC,AER,MIT,MAIN GROUP,1966.0,1969.0,42.36068424,-71.09324745,OWNED,89.7,411.0,102777.46,55558.61,32301.67,1741.83,15466.92,2691.41,0.0,0.0,21366.61,15092.92,31168.9,0.0,0.0,167.0,164.69,0.0,87860.28,14917.18,Chilled Water,Produced,Y,Chilled Water & Steam,87860.28,87860.28
21,38,Fairchild Buildings (38),Non-CUP,Lab & Mixed Use,ACADEMIC,AER,MIT,MAIN GROUP,1971.0,1973.0,42.36107393,-71.0923498,OWNED,91.4,321.0,84000.79,56499.53,19288.99,57.45,7228.62,558.61,0.0,0.0,38823.35,12002.92,16513.28,0.0,0.0,0.0,604.29,0.0,75788.52,8212.26999999999,Chilled Water,Produced,Y,Chilled Water & Steam,75788.52,75788.52
22,39,Stanley Gordon Brown Building,Non-CUP,Lab & Mixed Use,ACADEMIC,AER,MIT,MAIN GROUP,1966.0,1968.0,42.36085666,-71.09273098,OWNED,91.1,249.0,76639.87,39376.56,30723.19,674.07,13039.41,0.0,0.0,0.0,30639.96,17009.71,8736.6,0.0,0.0,0.0,0.0,0.0,70099.75,6540.12,Chilled Water,Produced,Y,Fully Metered,70099.75,70099.75
23,4,Richard Cockburn MacLaurin Buildings (4),Non-CUP,Lab & Mixed Use,ACADEMIC,AER,MIT,MAIN GROUP,1913.0,1916.0,42.35944306,-71.09108651,OWNED,79.7,495.0,162821.54,97550.05,47334.68,4010.57,30380.58,19215.12,203.83,0.0,32303.32,12943.53,42209.19,0.0,0.0,386.05,639.03,2593.51,144884.73,17936.81,Chilled Water,Produced,Y,Chilled Water Only,144930.25,144930.25
24,41,Building 41,Non-CUP,Lab & Mixed Use,ACADEMIC,AER,MIT,MAIN GROUP,1915.0,1917.0,42.36076007,-71.0941603,OWNED,61.2,107.0,26148.19,20055.87,4407.76,761.53,2948.28,0.0,0.0,0.0,13104.32,697.95,6812.88,0.0,0.0,0.0,138.67,0.0,24463.63,1684.56,Chilled Water,Produced,N,No Individual Metering,24463.63,24463.63
25,42_43_N16_E40,Utility Production Buildings,CUP,Mechanical,,,MIT,,,,,,OWNED,,159.0,126283.75,13420.16,101941.31,104.49,6748.29,0.0,554.75,0.0,261.86,100034.04,4674.160000000001,0.0,0.0,0.0,7929.389999999999,42.0,120348.98,5934.77,Chilled Water,Produced,Only E40,No Individual Metering,119811.84,119853.84
26,44,44,Non-CUP,Support Areas & Parking,ACADEMIC,AER,MIT,MAIN GROUP,1938.0,1939.0,42.36160679,-71.09247074,OWNED,29.5,51.0,16118.61,11649.47,2715.53,325.66,1010.49,0.0,0.0,0.0,7095.65,1379.38,4553.82,0.0,0.0,0.0,0.0,0.0,14365.0,1753.61,Electricity,Produced,N,No Individual Metering,,
27,46,Brain & Cognitive Sciences Complex,Non-CUP,Lab & Mixed Use,ACADEMIC,AER,MIT,MAIN GROUP,2003.0,2005.0,42.36232777,-71.09164294,OWNED,136.4,1419.0,418299.52,220004.09,151401.78,7057.88,83107.28,2214.84,757.11,0.0,125104.03,61236.62,70017.65,322.23,14991.43,0.0,6061.11,535.69,371405.87,46893.65,Chilled Water,Produced,Y,Fully Metered,373192.06,373192.06
28,48,Ralph M Parsons Laboratory For Water Resources & Hydrodynamics,Non-CUP,Lab & Mixed Use,ACADEMIC,AER,MIT,MAIN GROUP,1949.0,1951.0,42.36243249,-71.09066524,OWNED,64.0,156.0,57255.46,38949.64,11466.55,887.29,7675.46,2195.3,0.0,0.0,22902.59,2903.8,13054.04,0.0,0.0,0.0,797.71,0.0,50416.19,6839.27,Chilled Water,Produced,Y,Steam Only,50416.19,50416.19
29,5,Pratt School Of Naval Architecture And Marine Engineering,Non-CUP,Lab & Mixed Use,ACADEMIC,AER,MIT,MAIN GROUP,1919.0,1920.0,42.35870876,-71.09292347,OWNED,70.7,276.0,80942.35,55084.19,16638.18,1118.12,12045.79,4264.01,1811.86,0.0,15280.25,3474.27,33728.07,0.0,0.0,0.0,0.0,0.0,71722.37,9219.98,Chilled Water,Produced,Y,Chilled Water Only,71722.37,71722.37
30,50,Walker Memorial,Non-CUP,Lab & Mixed Use,SERVICE,STAC,MIT,MAIN GROUP,1916.0,1917.0,42.35936241,-71.0883196,OWNED,80.5,201.0,74063.57,46679.01,20815.11,1770.71,13777.62,0.0,27484.93,0.0,0.0,5266.78,11284.11,0.0,2941.06,0.0,4968.91,0.0,67494.12,6569.45,Electricity,Produced,Y,Chilled Water & Electric,67494.12,67494.12
31,51,Walter C Wood Sailing Pavilion,Non-CUP,Mechanical,SERVICE,STAC,MIT,MAIN GROUP,1936.0,1937.0,42.35851706,-71.08773035,OWNED,21.3,24.0,5889.33,4450.4,909.69,32.08,532.86,0.0,0.0,0.0,0.0,344.75,214.12,0.0,4236.28,0.0,0.0,0.0,5360.09,529.24,Electricity,Produced,N,No Individual Metering,5360.09,5360.09
32,54,Cecil And Ida Green Building,Non-CUP,Lab & Mixed Use,ACADEMIC,AER,MIT,MAIN GROUP,1962.0,1964.0,42.36032385,-71.08932613,OWNED,275.0,654.0,129448.04,68640.0,44148.72,1627.56,28140.77,7409.62,0.0,0.0,19195.05,14380.39,42014.91,0.0,0.0,0.0,20.42,0.0,112788.72,16659.32,Chilled Water,Produced,Y,Fully Metered,113326.22,113326.22
33,56,Uncas A Whitaker Building,Non-CUP,Lab & Mixed Use,ACADEMIC,AER,MIT,MAIN GROUP,1963.0,1965.0,42.36069953,-71.0898625,OWNED,118.8,471.0,143940.24,78380.88,50573.95,641.74,23326.22,6874.0,395.71,0.0,46858.59,26605.99,19891.37,0.0,1345.39,0.0,3015.82,0.0,128954.83,14985.41,Chilled Water,Produced,Y,Steam Only,128944.58,128944.58
34,57,MIT Alumni Pool,Non-CUP,Mechanical,SERVICE,STAC,MIT,MAIN GROUP,1939.0,1940.0,42.36114229,-71.09014001,OWNED,41.1,52.0,39121.04,22725.98,10516.52,204.55,2774.07,0.0,116.99,0.0,0.0,7537.9,149.66,0.0,22459.33,0.0,0.0,0.0,33242.5,5878.54,Electricity,Produced,N,No Individual Metering,33242.5,33242.5
35,62_64,Alumni House,Non-CUP,Residential,,,MIT,,,,,,OWNED,,675.0,150586.63,98620.43,36524.08,7905.610000000001,23192.34,0.0,12185.62,0.0,0.0,5426.13,644.3499999999999,84792.19,0.0,0.0,998.27,0.0,135144.51,15442.12000000001,Electricity,Produced,Y,Steam & Electric,135144.51,135144.51
36,66,Ralph Landau Building,Non-CUP,Lab & Mixed Use,ACADEMIC,AER,MIT,MAIN GROUP,1973.0,1976.0,42.36092016,-71.08902925,OWNED,74.3,322.0,133709.64,71189.31,46958.45,2560.65,26710.23,5398.95,1217.61,0.0,39387.27,17687.57,24506.34,0.0,0.0,0.0,679.14,0.0,118147.76,15561.88,Chilled Water,Produced,Y,Fully Metered,118192.74,118192.74
37,68,David H. Koch Biology Building,Non-CUP,Lab & Mixed Use,ACADEMIC,AER,MIT,MAIN GROUP,1991.0,1994.0,42.36162167,-71.08863856,OWNED,104.8,960.0,260390.37,155141.39,81485.49,3395.48,52340.18,750.76,1834.5,0.0,120204.95,25749.83,21144.66,0.0,10820.38,0.0,386.14,0.0,236626.88,23763.49,Chilled Water,Produced,Y,Fully Metered,236623.33,236623.33
38,6C,PDSI,Non-CUP,Lab & Mixed Use,ACADEMIC,AER,MIT,MAIN GROUP,2007.0,2007.0,42.35967294,-71.09083617,OWNED,92.0,123.0,51288.87,16131.89,27823.8,628.83,17644.77,0.0,0.0,0.0,8373.34,9550.2,7472.32,0.0,0.0,0.0,286.23,0.0,43955.69,7333.18,Chilled Water,Produced,Y,Chilled Water & Steam,45442.29,45442.29
39,6_6B,George Eastman Research,Non-CUP,Lab & Mixed Use,,,MIT,,,,,,OWNED,,316.0,91926.37,54532.3,24921.54,244.59,17651.48,1605.16,0.0,0.0,20964.51,7025.47,31129.7,0.0,0.0,0.0,832.93,0.0,79453.84,12472.53,Chilled Water,Produced,Only 6,Chilled Water Only,#VALUE!,#VALUE!
40,76,David H. Koch Institute For Integrative Cancer Research,Non-CUP,Lab & Mixed Use,ACADEMIC,AER,MIT,MAIN GROUP,2005.0,2010.0,42.36229582,-71.08927563,OWNED,0.0,932.0,367688.6,205329.56,124326.6,5146.07,62525.49,0.0,7133.71,0.0,142978.59,56655.04,35059.14,0.0,11406.13,0.0,8751.99,0.0,329656.16,38032.44,Chilled Water,Produced,Y,Fully Metered,329669.09,329669.09
41,7_7A,William Barton Rogers Buildings,Non-CUP,Lab & Mixed Use,,,MIT,,,,,,OWNED,,401.0,119055.36,65380.47,39133.380000000005,796.45,25877.16,950.01,2977.13,0.0,14039.92,12459.77,29113.03,0.0,0.0,16691.43,1608.95,0.0,104513.85,14541.51,Chilled Water,Produced,Only 7,Chilled Water Only,104359.99,104359.99
42,8,Building 8,Non-CUP,Lab & Mixed Use,ACADEMIC,AER,MIT,MAIN GROUP,1913.0,1916.0,42.35999279,-71.09086392,OWNED,64.0,253.0,66165.06,36941.33,21070.43,1386.26,13873.54,1146.17,16.5,0.0,14741.25,5810.63,20519.83,0.0,0.0,0.0,517.58,0.0,58011.76,8153.3,Chilled Water,Produced,Y,Chilled Water Only,58011.76,58011.76
43,9,Samuel Tak Lee Building,Non-CUP,Lab & Mixed Use,ACADEMIC,AER,MIT,MAIN GROUP,1966.0,1967.0,42.35974993,-71.09356175,OWNED,83.9,277.0,77414.0,38796.37,28428.83,1757.25,18453.34,8162.06,2174.68,0.0,2778.65,8218.24,24491.32,0.0,906.54,0.0,283.12,0.0,67225.2,10188.8,Chilled Water,Produced,Y,Fully Metered,67225.2,67225.2
44,Briggs Field Operating,Briggs Field Operating,Non-CUP,Support Areas & Parking,,,,,,,,,,,,,,,,,,,,,,,,,,,,,,Electricity,Produced,,,#VALUE!,#VALUE!
45,E1,Gray House (Formerly President's House),Non-CUP,Lab & Mixed Use,RESIDENT,AER,MIT,EAST,1913.0,1917.0,42.3596025,-71.08696429,OWNED,52.0,139.0,18642.53,11190.61,4967.95,275.94,3395.22,0.0,4810.28,0.0,0.0,1296.79,1632.65,3099.31,0.0,264.12,1384.25,0.0,16158.56,2483.97,Chilled Water,Produced,N,Chilled Water & Electric,16158.56,16158.56
46,E14,Building E14,Non-CUP,Lab & Mixed Use,ACADEMIC,AER,MIT,EAST,,,42.36046359,-71.08733249,OWNED,0.0,360.0,173875.21,77946.22,80319.92,3062.62,32041.13,1574.07,1535.18,0.0,50568.44,45216.17,23084.26,0.0,0.0,0.0,1184.27,0.0,158266.14,15609.07,Chilled Water,Produced,Y,Fully Metered,158266.14,158266.14
47,E15,Wiesner Building,Non-CUP,Lab & Mixed Use,ACADEMIC,AER,MIT,EAST,1982.0,1984.0,42.36083844,-71.08763489,OWNED,68.5,463.0,120331.42,79233.13,32098.06,2030.13,17313.64,5310.45,6833.04,0.0,34458.14,12754.29,32257.97,0.0,0.0,175.61,197.92,0.0,111331.19,9000.23,Chilled Water,Produced,Y,Fully Metered,111331.19,111331.19
48,E17,Seely G Mudd Building,Non-CUP,Lab & Mixed Use,ACADEMIC,AER,MIT,EAST,1932.0,1975.0,42.36148439,-71.08788625,OWNED,82.8,326.0,80477.33,51159.04,21083.46,2179.81,7995.01,1475.04,0.0,0.0,8476.33,10908.64,38427.16,0.0,2530.82,0.0,249.69,0.0,72242.5,8234.82999999999,Chilled Water,Produced,Y,No Individual Metering,72242.5,72242.5
49,E18,Horace Sayford Ford Building (E18),Non-CUP,Lab & Mixed Use,ACADEMIC,AER,MIT,EAST,1920.0,1964.0,42.361767,-71.08779281,OWNED,88.3,408.0,115069.29,70945.79,34660.11,1209.09,15274.65,0.0,568.96,0.0,18591.89,18176.37,37053.07,0.0,2721.39,0.0,12010.48,0.0,105605.9,9463.39,Chilled Water,Produced,Y,No Individual Metering,111617.28,111617.28
50,E19,Horace Sayford Ford Building (E19),Non-CUP,Lab & Mixed Use,SERVICE,AER,MIT,EAST,1920.0,1964.0,42.36212904,-71.08795245,OWNED,81.0,735.0,150661.42,100290.65,39382.78,3163.58,22228.92,585.21,1290.76,0.0,11579.41,13990.28,78753.1,0.0,0.0,0.0,7992.61,89.56,139673.43,10987.99,Chilled Water,Produced,Y,Steam & Electric,139673.43,139673.43
51,E2,70 AMHERST,Non-CUP,Special,RESIDENT,DHOA,MIT,EAST,1913.0,1916.0,42.35995565,-71.08686701,OWNED,63.7,312.0,64847.33,35759.29,18752.08,2693.94,12254.9,0.0,3625.92,0.0,289.69,3803.24,450.48,30862.04,0.0,144.0,387.16,0.0,54511.37,10335.96,Chilled Water,Produced,Y,Chilled Water & Electric,54511.37,54511.37
52,E23,Health Services,Non-CUP,Lab & Mixed Use,SERVICE,AER,MIT,EAST,1979.0,1982.0,42.36102212,-71.08663216,OWNED,71.1,574.0,103338.41,63196.25,27193.31,1248.32,17218.92,0.0,2412.2,29200.81,81.54,8726.07,30987.86,0.0,0.0,0.0,513.84,0.0,90389.56,12948.85,Chilled Water,Produced,Y,No Individual Metering,90389.56,90389.56
53,E25,Whitaker College Of Health Sciences & Technology,Non-CUP,Lab & Mixed Use,ACADEMIC,AER,MIT,EAST,1979.0,1982.0,42.36166876,-71.08694971,OWNED,92.3,565.0,156676.36,90476.81,47723.7,2137.71,30255.58,4562.75,0.0,0.0,46981.23,15330.41,33798.89,0.0,3626.77,0.0,1125.1,382.07,138200.51,18475.85,Chilled Water,Produced,Y,No Individual Metering,139358.64,139358.64
54,E38,BUILDING E38,Non-CUP,Lab & Mixed Use,ACADEMIC,AER,MIT,EAST,1920.0,1968.0,,,OWNED,0.0,341.0,124448.22,46734.26,45653.55,3523.02,26354.9,3872.26,1858.28,0.0,1208.58,15775.63,38319.12,0.0,0.0,0.0,1476.02,0.0,92387.81,32060.41,Chilled Water,Produced,Y,Chilled Water & Steam,92387.81,92387.81
55,E40,The Muckley Building,Non-CUP,Lab & Mixed Use,ACADEMIC,AER,MIT,EAST,1930.0,1969.0,42.36116319,-71.08485302,OWNED,64.5,517.0,106747.05,69809.38,26466.46,2508.54,10582.49,2255.57,73.42,0.0,1776.86,13375.43,63175.37,0.0,0.0,0.0,2528.16,0.0,96275.84,10471.21,Chilled Water,Produced,Y,Fully Metered,96275.84,96275.84
56,E51,Jack C Tang Center For Management Education,Non-CUP,Lab & Mixed Use,ACADEMIC,AER,MIT,EAST,1944.0,1980.0,42.36055421,-71.08449242,OWNED,60.0,302.0,107990.76,52916.5,42550.6,3009.96,21865.36,27898.25,2415.5,0.0,0.0,17675.28,21258.03,0.0,0.0,0.0,1344.72,0.0,95467.1,12523.66,Chilled Water,Produced,Y,Fully Metered,95467.1,95467.1
57,E52,MORRIS & SOPHIE CHANG BUILDING,Non-CUP,Lab & Mixed Use,ACADEMIC,AER,MIT,EAST,1938.0,1952.0,42.36073592,-71.08367668,OWNED,97.4,576.0,161974.43,95849.81,47622.65,4109.67,30520.29,2228.46,10326.83,0.0,0.0,12992.69,83123.0,0.0,0.0,0.0,171.52,0.0,143472.46,18501.97,Chilled Water,Produced,Y,Fully Metered,143472.46,143472.46
58,E53,Grover M Hermann Building,Non-CUP,Lab & Mixed Use,ACADEMIC,AER,MIT,EAST,1964.0,1965.0,42.36118818,-71.08359227,OWNED,72.2,290.0,84984.92,53347.04,25085.55,2025.07,13592.74,574.88,0.0,0.0,0.0,9467.74,28587.28,0.0,0.0,24010.08,174.8,0.0,78432.59,6552.32999999999,Chilled Water,Produced,Y,Chilled Water & Steam,78432.59,78432.59
59,E55,E55,Non-CUP,Support Areas & Parking,RESIDENT,DHOA,MIT,EAST,1965.0,1967.0,42.36173608,-71.08390876,OWNED,272.8,466.0,172309.33,120517.81,28758.1,345.93,22095.17,0.0,3206.29,0.0,0.0,6317.0,480.37,116679.8,0.0,0.0,151.35,0.0,149275.91,23033.42,Electricity,Produced,Y,Steam Only,,
60,E60,Arthur D Little Building,Non-CUP,Lab & Mixed Use,ACADEMIC,AER,MIT,EAST,1917.0,1994.0,42.36117731,-71.08217568,OWNED,,141.0,30130.11,12961.15,12858.51,1280.76,8111.08,0.0,0.0,0.0,0.0,3466.67,12875.72,0.0,0.0,0.0,85.43,0.0,25819.66,4310.45,Chilled Water,Produced,Y,Fully Metered,25819.66,25819.66
61,E62,Building E62,Non-CUP,Lab & Mixed Use,ACADEMIC,AER,MIT,EAST,,,42.36134747,-71.08265495,OWNED,0.0,604.0,213581.39,113768.08,76842.54,4095.74,57146.61,23672.82,15877.94,0.0,0.0,15600.19,74121.76,0.0,0.0,0.0,95.56,0.0,190610.62,22970.77077,Chilled Water,Produced,Y,Fully Metered,190610.62,190610.62
62,E62P,E62 Garage,Non-CUP,Lab Dominant,SERVICE,GAR,MIT,EAST,,,42.36134747,-71.08265495,OWNED,,41.0,53611.11,38285.6,11295.24,481.0,3973.17,0.0,0.0,0.0,0.0,6841.07,182.53,0.0,0.0,0.0,38103.07,0.0,49580.84,4030.269226,Electricity,Produced,,,49580.84,49580.84
63,E94,BUILDING E94,Leased Buildings,Office,ACADEMIC,AER,MIT,EAST,,,,,LEASED,0.0,104.0,15506.61,14101.34,205.19,0.0,0.0,0.0,0.0,0.0,0.0,205.19,14101.34,0.0,0.0,0.0,0.0,0.0,14306.53,1200.08,Electricity,Purchased,,,14306.53,14306.53
64,KS,KS,FSILGs,Support Areas & Parking,,,,,,,,,,,,,,,,,,,,,,,,,,,,,,Electricity,Purchased,,,#VALUE!,#VALUE!
65,Main Campus Area,Main Campus Area,Non-CUP,Support Areas & Parking,,,,,,,,,,,,,,,,,,,,,,,,,,,,,,Electricity,Purchased,,,,
66,N10,High Voltage Research Laboratory,Non-CUP,Lab & Mixed Use,ACADEMIC,AER,MIT,NORTH,1964.0,1965.0,42.3608633,-71.09545096,OWNED,33.0,53.0,10084.86,8101.7,637.89,134.82,131.54,0.0,0.0,0.0,6962.46,371.53,1139.24,0.0,0.0,0.0,0.0,0.0,8739.59,1345.27,Electricity,Produced,N,No Individual Metering,8739.59,8739.59
67,N4,Albany Street Parking Garage,Non-CUP,Lab Dominant,SERVICE,GAR,MIT,NORTH,,1966.0,42.36203429,-71.09278036,OWNED,56.3,36.0,143032.14,129868.34,5780.48,2162.59,2848.78,0.0,0.0,0.0,0.0,769.11,0.0,0.0,0.0,0.0,129868.34,0.0,135648.82,7383.32,Electricity,Produced,N,No Individual Metering,135648.82,135648.82
68,N51,Building N51,Non-CUP,Lab & Mixed Use,ACADEMIC,AER,MIT,NORTH,1924.0,1964.0,42.36228442,-71.09762771,OWNED,50.9,126.0,44980.93,32692.59,8432.78,1210.99,5570.18,2301.57,11317.51,0.0,4806.77,1651.61,13926.33,0.0,0.0,0.0,340.41,0.0,41125.37,3855.56,Electricity,Purchased,N,No Individual Metering,41125.37,41125.37
69,N52,Building N52,Non-CUP,Lab & Mixed Use,ACADEMIC,AER,MIT,NORTH,1924.0,1964.0,42.36227273,-71.09718823,OWNED,56.8,320.0,103874.44,71730.92,21208.21,923.84,14050.5,2674.29,24879.47,0.0,14390.09,6233.87,28206.81,0.0,0.0,0.0,1580.26,0.0,92939.13,10935.31,Electricity,Purchased,N,No Individual Metering,92939.13,92939.13
70,N57,Building N57,Non-CUP,Lab & Mixed Use,SERVICE,AER,MIT,NORTH,1922.0,1964.0,42.3630114,-71.09882964,OWNED,78.2,54.0,46882.29,41521.21,3021.22,0.0,2436.87,0.0,0.0,0.0,0.0,584.35,1752.79,0.0,0.0,37423.88,2344.54,0.0,44542.43,2339.86,Electricity,Purchased,N,No Individual Metering,44542.43,44542.43
71,N9,Superconducting Generator Test Facility,Non-CUP,Lab Dominant,ACADEMIC,AER,MIT,NORTH,,1978.0,42.36095321,-71.09519377,OWNED,32.7,16.0,5882.04,5345.17,160.86,0.0,0.0,0.0,0.0,0.0,5280.64,160.86,64.53,0.0,0.0,0.0,0.0,0.0,5506.03,376.009999999999,Electricity,Produced,N,No Individual Metering,5506.03,5506.03
72,NE45,300 Technology Square,Leased Buildings,Lab & Mixed Use,ACADEMIC,AER,MIT,NORTHEAST,,,,,LEASED,0.0,25.0,8049.06,4444.31,137.96,0.0,0.0,0.0,0.0,0.0,3444.84,137.96,999.47,0.0,0.0,0.0,0.0,0.0,4582.27,3466.79,Electricity,Purchased,,,4582.27,4582.27
73,NE46,400 Technology Square,Leased Buildings,Lab & Mixed Use,ACADEMIC,AER,MIT,NORTHEAST,,,,,LEASED,0.0,42.0,9215.4,8138.76,239.41,0.0,0.0,0.0,0.0,0.0,3127.6,239.41,5011.16,0.0,0.0,0.0,0.0,0.0,8378.17,837.23,Electricity,Purchased,,,#VALUE!,#VALUE!
74,NE47,500 Technology Square,Leased Buildings,Lab & Mixed Use,ACADEMIC,AER,MIT,NORTHEAST,,,42.36346458,-71.09258101,LEASED,148.0,267.0,73631.09,63249.26,2218.01,0.0,0.0,0.0,0.0,0.0,35055.93,2218.01,28193.33,0.0,0.0,0.0,0.0,0.0,65467.27,8163.81999999999,Electricity,Purchased,,,65467.27,65467.27
75,NE48,700 Technology Square,Leased Buildings,Office,ACADEMIC,AER,MIT,NORTHEAST,,,42.3640312,-71.09272747,LEASED,84.4,141.0,18156.59,15217.35,797.4,0.0,750.73,0.0,395.91,0.0,205.03,46.67,14112.74,0.0,0.0,402.46,101.21,0.0,16014.75,2141.84,Electricity,Purchased,,,15994.23,15994.23
76,NE49,600 Technology Square,Leased Buildings,Office,SERVICE,AER,MIT,NORTHEAST,,,42.36339002,-71.09311895,LEASED,84.9,651.0,93671.28,87560.08,647.75,0.0,0.0,0.0,119.79,0.0,0.0,647.75,87440.29,0.0,0.0,0.0,0.0,0.0,88207.83,5463.45000000001,Electricity,Purchased,,,91951.31,91951.31
77,NW10,Edgerton House,Non-CUP,Residential,RESIDENT,DHOA,MIT,NORTHWEST,1922.0,,42.36032016,-71.09813729,OWNED,56.5,261.0,132529.78,82590.37,31474.13,864.17,24541.91,0.0,3937.21,0.0,0.0,6068.05,512.77,77693.07,0.0,0.0,447.32,0.0,114064.5,18465.28,Electricity,Purchased,N,No Individual Metering,114064.5,114064.5
78,NW12_NW12A,Nuclear Reactor Laboratory,Non-CUP,Lab & Mixed Use,,,MIT,,,,,,OWNED,,168.0,50695.060000000005,35326.59,9761.49,827.45,6695.7,1155.63,0.0,0.0,21732.45,2238.34,10360.98,0.0,0.0,0.0,2077.53,0.0,45088.08,5606.98,Chilled Water,Produced,N,No Individual Metering,45087.77,45087.77
79,NW13,Building NW13,Non-CUP,Lab & Mixed Use,ACADEMIC,AER,MIT,NORTHWEST,,1963.0,42.3598849,-71.09736187,OWNED,28.3,144.0,61937.11,46938.1,9916.4,622.1,7283.31,0.0,0.0,0.0,40738.43,2010.99,3522.25,0.0,0.0,0.0,2677.42,0.0,56854.5,5082.61,Chilled Water,Produced,N,No Individual Metering,56854.5,56854.5
80,NW14,Francis Bitter Magnet Laboratory (NW14),Non-CUP,Lab & Mixed Use,ACADEMIC,AER,MIT,NORTHWEST,1913.0,1962.0,42.35963208,-71.09789884,OWNED,75.7,402.0,144673.42,101485.34,34011.23,2493.97,20447.62,1541.11,0.0,0.0,77479.91,11069.64,20389.43,0.0,0.0,0.0,2074.89,0.0,135496.57,9176.85000000001,Chilled Water,Produced,Y,No Individual Metering,135469.26,135469.26
81,NW15,Francis Bitter Magnet Laboratory (NW15),Non-CUP,Lab Dominant,ACADEMIC,AER,MIT,NORTHWEST,1961.0,1962.0,42.35934903,-71.0982566,OWNED,34.2,12.0,16137.29,14355.21,695.29,0.0,0.0,0.0,0.0,0.0,14355.21,695.29,0.0,0.0,0.0,0.0,0.0,0.0,15050.5,1086.79,Chilled Water,Produced,N,No Individual Metering,15083.87,15083.87
82,NW16,Plasma Science And Fusion Center (NW16),Non-CUP,Lab & Mixed Use,ACADEMIC,AER,MIT,NORTHWEST,1980.0,1981.0,42.3600321,-71.09871532,OWNED,34.0,171.0,50148.39,31109.74,14770.8,900.49,11410.3,0.0,0.0,0.0,12421.45,2460.01,17803.84,0.0,0.0,0.0,245.19,639.26,45880.54,4267.85,Electricity,Purchased,N,No Individual Metering,45880.54,45880.54
83,NW17,Plasma Science And Fusion Center (NW17),Non-CUP,Lab & Mixed Use,ACADEMIC,AER,MIT,NORTHWEST,,,42.35985638,-71.09914244,OWNED,33.8,152.0,45542.35,28512.58,12693.63,916.0,9025.91,0.0,0.0,0.0,13451.36,2751.72,14913.37,0.0,0.0,0.0,147.85,0.0,41206.21,4336.14,Electricity,Purchased,N,No Individual Metering,41206.21,41206.21
84,NW21,Plasma Science And Fusion Center (NW21),Non-CUP,Lab & Mixed Use,ACADEMIC,AER,MIT,NORTHWEST,1899.0,1980.0,42.3590636,-71.09914629,OWNED,43.6,145.0,124096.66,64826.08,44998.01,788.6,7145.28,0.0,0.0,0.0,57197.75,37064.13,7050.86,0.0,0.0,0.0,577.47,0.0,109824.09,14272.57,Chilled Water,Produced,Y,Chilled Water Only,109824.09,109824.09
85,NW22,Plasma Science And Fusion Center (NW22),Non-CUP,Lab & Mixed Use,ACADEMIC,AER,MIT,NORTHWEST,,1992.0,42.35963862,-71.09972313,OWNED,33.7,158.0,49002.27,39630.57,5649.71,642.22,2983.95,0.0,0.0,0.0,20612.01,2023.54,18609.94,0.0,0.0,0.0,408.62,0.0,45280.28,3721.99,Electricity,Purchased,N,No Individual Metering,45280.28,45280.28
86,NW23,BUILDING NW23,Non-CUP,Office,SERVICE,(NULL),MIT,NORTHWEST,1925.0,2016.0,,,OWNED,0.0,312.0,51156.85,39138.86,7114.11,1362.42,2332.49,0.0,125.16,0.0,0.0,3419.2,39013.7,0.0,0.0,0.0,0.0,0.0,46252.97,4903.88,Electricity,Purchased,N,Fully Metered,46252.97,46252.97
87,NW30,BUILDING NW30,Non-CUP,Residential,RESIDENT,DHOA,MIT,NORTHWEST,1904.0,1958.0,42.35864725,-71.09997287,OWNED,75.0,253.0,85812.19,50037.19,23321.62,588.17,17124.49,0.0,3854.54,0.0,0.0,5608.96,744.69,43169.45,0.0,383.86,1884.65,0.0,73358.81,12453.38,Chilled Water,Produced,Y,Chilled Water & Steam,73358.81,73358.81
88,NW32,BUILDING NW32,Non-CUP,Lab & Mixed Use,ACADEMIC,(NULL),MIT,NORTHWEST,1918.0,,,,OWNED,0.0,97.0,30052.65,18918.81,6731.79,1328.91,4855.09,0.0,0.0,0.0,0.0,547.79,0.0,0.0,0.0,0.0,0.0,18918.81,25650.6,4402.05,Electricity,Purchased,N,No Individual Metering,25650.6,25650.6
89,NW35,Ashdown House,Non-CUP,Residential,RESIDENT,DHOA,MIT,NORTHWEST,2008.0,2008.0,42.35879785,-71.10143928,OWNED,60.0,578.0,252747.43,158044.01,57551.98,772.65,41835.4,0.0,2306.19,0.0,0.0,14943.93,759.62,154635.17,0.0,0.0,343.03,0.0,215595.99,37151.44,Chilled Water,Produced,Y,Chilled Water & Steam,215595.99,215595.99
90,NW36,BUILDING NW36,Non-CUP,Lab Dominant,SERVICE,OTH,MIT,NORTHWEST,,,,,OWNED,0.0,4.0,2045.25,1559.82,209.87,45.0,0.0,0.0,0.0,0.0,0.0,164.87,0.0,0.0,0.0,0.0,1559.82,0.0,1769.69,275.56,Electricity,Purchased,,,1769.69,1769.69
91,NW61,Random Hall,Non-CUP,Residential,RESIDENT,DHOA,MIT,NORTHWEST,1899.0,1968.0,42.36184456,-71.0982858,OWNED,48.3,201.0,39469.53,25201.69,7821.4,1142.95,5548.38,0.0,8086.23,0.0,0.0,1130.07,225.6,16600.05,0.0,0.0,289.81,0.0,33023.09,6446.44,Electricity,Purchased,N,No Individual Metering,33023.09,33023.09
92,NW86,70 Pacific Street Dormitory,Non-CUP,Residential,RESIDENT,DHOA,MIT,NORTHWEST,2001.0,2002.0,42.35972041,-71.10221874,OWNED,106.4,723.0,362686.82,251186.9,63816.25,1022.13,52510.35,0.0,19809.13,0.0,0.0,10283.77,2924.89,223831.64,0.0,1481.43,3139.81,0.0,315003.15,47683.67,Electricity,Purchased,Y,No Individual Metering,315003.15,315003.15
93,Northwest Campus Area,Northwest Campus Area,Non-CUP,Support Areas & Parking,,,,,,,,,,,,,,,,,,,,,,,,,,,,,,Electricity,Purchased,,,,
94,OC19_ABCDEFGHJKLMNQ,Bates LINAC,Off Campus Buildings,Lab & Mixed Use,,,MIT,,,,,,OWNED,,269.0,188458.83000000005,134759.33000000002,17193.03,828.4,11178.55,0.0,0.0,0.0,120600.75,5186.080000000001,14158.579999999998,0.0,0.0,0.0,0.0,0.0,151952.36000000002,36506.47000000001,Electricity,Purchased,,,150036.92,150036.92
95,OC22,Westford Optics Facility (Haystack),Off Campus Buildings,Lab Dominant,ACADEMIC,AER,HAY,OFFCAMPUS,,,42.61185877,-71.48467394,OWNED,0.0,3.0,881.78,794.16,0.03,0.0,0.0,0.0,0.0,0.0,764.13,0.03,30.03,0.0,0.0,0.0,0.0,0.0,794.19,87.59,Electricity,Purchased,,,,
96,OC23,Wallace Geophysical Observatory,Off Campus Buildings,Lab Dominant,ACADEMIC,AER,HAY,OFFCAMPUS,,1970.0,42.61006145,-71.48988791,OWNED,0.0,6.0,2034.38,1617.25,0.0,0.0,0.0,0.0,0.0,0.0,1499.97,0.0,117.28,0.0,0.0,0.0,0.0,0.0,1617.25,417.13,Electricity,Purchased,,,1617.25,1617.25
97,Parking Areas,Parking Areas,Non-CUP,Support Areas & Parking,,,,,,,,,,,,,,,,,,,,,,,,,,,,,,Electricity,Purchased,,,#VALUE!,#VALUE!
98,W1,Fariborz Maseeh Hall,Non-CUP,Residential,RESIDENT,DHOA,MIT,WEST,1900.0,1939.0,42.35761763,-71.0935107,OWNED,74.5,558.0,189941.11,107518.76,43591.64,1509.19,33098.63,0.0,14094.47,0.0,0.0,8983.82,11622.36,81285.63,0.0,0.0,516.3,0.0,151110.4,38830.71,Electricity,Produced,Y,Steam Only,151110.4,151110.4
99,W11,Religious Activities Center,Non-CUP,Lab & Mixed Use,SERVICE,STAC,MIT,WEST,1936.0,1967.0,42.35826109,-71.09353578,OWNED,16.4,63.0,13590.41,7922.29,4152.3,539.28,2766.4,0.0,4160.51,0.0,0.0,846.62,3761.78,0.0,0.0,0.0,0.0,0.0,12074.59,1515.82,Electricity,Purchased,N,No Individual Metering,12074.59,12074.59
100,W15,MIT Chapel,Non-CUP,Lab & Mixed Use,SERVICE,STAC,MIT,WEST,1954.0,1955.0,42.35832688,-71.09412494,OWNED,33.2,26.0,5339.35,2815.91,1959.77,105.2,986.24,0.0,2607.98,0.0,0.0,868.33,0.0,0.0,0.0,0.0,207.93,0.0,4775.68,563.67,Chilled Water,Produced,Y,No Individual Metering,4775.68,4775.68
101,W16,Kresge Auditorium,Non-CUP,Lab & Mixed Use,SERVICE,STAC,MIT,WEST,1953.0,1956.0,42.35813383,-71.09505791,OWNED,50.2,95.0,42145.98,20406.21,18201.3,1389.86,10146.47,11335.4,728.89,0.0,0.0,6664.97,6790.5,0.0,817.8,0.0,733.62,0.0,38607.51,3538.47,Chilled Water,Produced,Y,Fully Metered,38607.51,38607.51
102,W20,Julius Adams Stratton Student Center,Non-CUP,Lab & Mixed Use,SERVICE,STAC,MIT,WEST,1963.0,1965.0,42.3590424,-71.09477464,OWNED,75.0,435.0,183162.0,115330.5,56425.62,3039.62,35924.34,0.0,68329.06,0.0,4307.33,17461.66,31052.56,0.0,267.54,9075.06,1689.4,609.55,171756.12,11405.88,Chilled Water,Produced,Y,Fully Metered,171756.12,171756.12
103,W2_W4,W2_W4,Non-CUP,Residential,,,MIT,,,,,,OWNED,,629.0,138588.88,72039.78,46162.86,7698.049999999999,29630.12,0.0,7264.5,0.0,0.0,8834.689999999999,2545.1800000000003,61000.08,0.0,235.08,994.94,0.0,118202.64,20386.24,Electricity,Produced,Only W2,No Individual Metering,118202.64,118202.64
104,W31,David Flett du Pont Athletic Gymnasium,Non-CUP,Mechanical,SERVICE,STAC,MIT,WEST,1902.0,1957.0,42.35963776,-71.09516824,OWNED,52.6,146.0,71443.5,53401.65,9744.51,1054.2,6287.56,1493.72,3973.37,0.0,0.0,2402.75,10545.3,0.0,37322.78,0.0,66.48,0.0,63146.16,8297.34,Electricity,Produced,N,Steam Only,63146.16,63146.16
105,W32,David Flett du Pont Athletic Center,Non-CUP,Mechanical,SERVICE,STAC,MIT,WEST,1958.0,1959.0,42.35936841,-71.09513369,OWNED,36.1,90.0,46578.52,26366.32,15073.3,868.16,8999.7,0.0,0.0,0.0,0.0,5205.44,3058.89,0.0,23307.43,0.0,0.0,0.0,41439.62,5138.9,Electricity,Produced,N,No Individual Metering,41439.62,41439.62
106,W33,Rockwell Athletic Cage,Non-CUP,Mechanical,SERVICE,STAC,MIT,WEST,1947.0,1948.0,42.35920175,-71.09597193,OWNED,22.8,7.0,34427.72,32379.24,594.57,0.0,0.0,0.0,0.0,0.0,0.0,594.57,72.19,0.0,32070.31,0.0,236.74,0.0,32973.81,1453.91,Electricity,Produced,N,No Individual Metering,32973.81,32973.81
107,W34,Johnson Athletics Center,Non-CUP,Mechanical,SERVICE,STAC,MIT,WEST,1979.0,1980.0,42.35859572,-71.09652993,OWNED,37.9,74.0,109397.67,82217.92,20743.24,603.13,9472.45,0.0,0.0,0.0,0.0,10667.66,758.36,0.0,79009.39,0.0,2450.17,0.0,102961.16,6436.51,Chilled Water,Produced,Y,Chilled Water Only,102961.16,102961.16
108,W35,Zesiger Sports & Fitness Center,Non-CUP,Mechanical,SERVICE,STAC,MIT,WEST,2000.0,2002.0,42.35871563,-71.09575051,OWNED,65.7,220.0,122080.04,76369.95,36482.32,2135.89,21172.24,0.0,326.56,0.0,0.0,13174.19,7680.01,0.0,67475.67,0.0,887.71,0.0,112852.27,9227.76999999999,Chilled Water,Produced,Y,Chilled Water Only,112852.27,112852.27
109,W41,W41,Non-CUP,Support Areas & Parking,,,,,,,,,,,,,,,,,,,,,,,,,,,,,,Electricity,Purchased,,,#VALUE!,#VALUE!
110,W45,W45,Non-CUP,Support Areas & Parking,,,,,,,,,,,,,,,,,,,,,,,,,,,,,,Electricity,Purchased,N,No Individual Metering,,
111,W46,New Vassar Residence Hall,Non-CUP,Lab & Mixed Use,RESIDENT,DHOA,MIT,WEST,,,,,OWNED,0.0,515.0,177607.67,85047.66,69862.78,9851.76,47493.6,0.0,18920.44,0.0,0.0,12517.42,1403.26,55094.67,1098.03,2931.85,5599.41,0.0,154910.44,22697.23,Chilled Water,Produced,,,154910.44,154910.44
112,W5,Ida Flansburgh Green Hall,Non-CUP,Residential,RESIDENT,DHOA,MIT,WEST,1901.0,1970.0,42.35691893,-71.09510104,OWNED,53.2,106.0,19010.96,9825.59,5593.55,1411.69,3501.9,0.0,287.27,0.0,0.0,679.96,25.4,9336.41,0.0,0.0,176.51,0.0,15419.14,3591.82,Electricity,Produced,N,No Individual Metering,15419.14,15419.14
113,W51,Burton-Conner House,Non-CUP,Residential,RESIDENT,DHOA,MIT,WEST,1927.0,1948.0,42.35596941,-71.09812434,OWNED,72.0,690.0,167922.77,104357.88,38420.93,8640.93,23623.94,0.0,9067.24,0.0,633.83,6156.06,3340.31,89432.54,0.0,1217.46,666.5,0.0,142778.81,25143.96,Electricity,Produced,N,No Individual Metering,142339.26,142339.26
114,W51C,405 Memorial Drive - Pi Phi,Non-CUP,Residential,RESIDENT,DHOA,MIT,WEST,,,42.35618661,-71.09724199,OWNED,0.0,86.0,17286.8,10693.24,3958.47,32.49,3387.66,0.0,2285.18,0.0,0.0,538.32,15.86,8150.44,0.0,241.76,0.0,0.0,14651.71,2635.09,Steam,Produced,N,No Individual Metering,14651.71,14651.71
115,W53_W53A_W53B_W53C_W53D,J B Carr Indoor Tennis Facility Buildings,Non-CUP,Mechanical,,,MIT,,,,,,OWNED,,15.0,27387.85,25848.58,540.0699999999999,60.31,94.01,0.0,0.0,0.0,0.0,385.75,299.88,0.0,25548.7,0.0,0.0,0.0,26388.65,999.2,Electricity,Produced,N,No Individual Metering,26388.65,26388.65
116,W59,Heinz Building,Non-CUP,Lab & Mixed Use,SERVICE,AER,MIT,WEST,1915.0,1979.0,42.35810548,-71.09955089,OWNED,33.5,157.0,36051.39,24915.19,6977.47,1183.93,4441.78,3077.49,434.19,0.0,0.0,1351.76,20956.26,0.0,0.0,0.0,447.25,0.0,31892.66,4158.73,Chilled Water,Produced,N,No Individual Metering,31892.66,31892.66
117,W61,Frank S MacGregor House,Non-CUP,Residential,RESIDENT,DHOA,MIT,WEST,1968.0,1970.0,42.35546182,-71.09954663,OWNED,167.5,138.0,168261.25,96219.08,42357.74,8022.66,20532.07,0.0,10128.89,0.0,0.0,13803.01,12717.37,72950.4,0.0,0.0,422.42,0.0,138576.82,29684.43,Electricity,Produced,Y,Steam & Electric,138576.82,138576.82
118,W64,Building W64,Non-CUP,Lab & Mixed Use,SERVICE,OTH,MIT,WEST,2013.0,2013.0,,,OWNED,0.0,62.0,13367.83,9321.57,2817.74,0.0,2336.55,0.0,8487.1,0.0,0.0,481.19,834.47,0.0,0.0,0.0,0.0,0.0,12139.31,1228.52,Electricity,Purchased,Y,No Individual Metering,12139.31,12139.31
119,W7,Everett Moore Baker House,Non-CUP,Residential,RESIDENT,DHOA,MIT,WEST,1947.0,1949.0,42.35669783,-71.09579218,OWNED,76.4,492.0,133099.42,76877.31,42711.09,5633.69,28707.16,0.0,14523.37,0.0,433.89,8370.24,2320.76,57311.4,0.0,0.0,2287.89,0.0,119588.4,13511.02,Electricity,Produced,N,No Individual Metering,119588.4,119588.4
120,W70,New West Campus Houses,Non-CUP,Support Areas & Parking,RESIDENT,DHOA,MIT,WEST,1974.0,1976.0,42.35516109,-71.10053232,OWNED,46.9,508.0,126147.84,60920.98,40018.4,,,,,,,,,,,,,,,,Electricity,Produced,Y,Steam & Electric,100939.38,#VALUE!
121,W71,Next House,Non-CUP,Residential,RESIDENT,DHOA,MIT,WEST,1979.0,1981.0,42.35470475,-71.10192118,OWNED,57.5,523.0,132006.46,81297.25,34825.26,7197.21,23305.3,0.0,17735.95,0.0,0.0,4322.75,1496.19,61091.16,0.0,0.0,973.95,0.0,116122.51,15883.95,Electricity,Produced,N,No Individual Metering,116233.58,116233.58
122,W79,Simmons Hall,Non-CUP,Lab & Mixed Use,RESIDENT,DHOA,MIT,WEST,2000.0,2002.0,42.35710862,-71.1015208,OWNED,100.6,913.0,191189.7,93938.82,68095.76,7956.93,43741.07,0.0,17031.09,0.0,0.0,16397.76,3488.13,59436.21,0.0,10446.01,3537.38,0.0,162034.58,29155.12,Chilled Water,Produced,Y,Fully Metered,162034.58,162034.58
123,W8,Harold Whitworth Pierce Boathouse,Non-CUP,Special,SERVICE,STAC,MIT,WEST,1965.0,1967.0,42.35531243,-71.09682721,OWNED,24.1,32.0,21710.72,17122.24,3226.99,429.9,1858.77,0.0,0.0,0.0,0.0,938.32,557.14,0.0,16565.1,0.0,0.0,0.0,20349.23,1361.49,Electricity,Produced,N,No Individual Metering,27447.04,27447.04
124,W84,Tang Residence Hall,Non-CUP,Residential,RESIDENT,DHOA,MIT,WEST,1970.0,1973.0,42.35435175,-71.10347949,OWNED,240.4,387.0,152378.32,109244.79,25905.79,596.87,17749.99,0.0,1305.05,0.0,128.6,7558.93,258.95,106654.75,0.0,0.0,897.44,0.0,135150.58,17227.74,Electricity,Produced,N,No Individual Metering,135281.43,135281.43
125,W85_W85ABC_W85DE_W85FG_W85HJK,Westgate,Non-CUP,Residential,,,MIT,,,,,,OWNED,,466.0,162224.82,121037.35,28938.070000000003,833.01,19331.33,0.0,1822.14,0.0,0.0,8773.73,175.68,118857.55,0.0,0.0,181.98,0.0,149975.42,12249.40000000001,Electricity,Produced,Y,No Individual Metering,150009.4,150009.4
126,W89,MIT Police,Non-CUP,Office & Mixed Use,SERVICE,AER,MIT,WEST,1948.0,2006.0,42.35553858,-71.10467329,OWNED,27.9,82.0,14909.35,7808.8,4724.43,403.18,3500.37,0.0,0.0,0.0,0.0,820.88,7808.8,0.0,0.0,0.0,0.0,0.0,12533.23,2376.12,Electricity,Purchased,N,No Individual Metering,#VALUE!,#VALUE!
127,W91,Building W91,Non-CUP,Lab & Mixed Use,SERVICE,AER,MIT,WEST,1947.0,1949.0,42.35432356,-71.10442611,OWNED,40.7,116.0,35748.48,16886.53,15094.12,724.8,5194.15,0.0,359.56,0.0,0.0,9175.17,7255.16,0.0,1704.48,535.87,7031.46,0.0,31980.65,3767.83,Electricity,Produced,Y,No Individual Metering,31980.65,31980.65
128,W92,Building W92,Non-CUP,Lab & Mixed Use,ACADEMIC,AER,MIT,WEST,,1999.0,42.35492043,-71.1046169,OWNED,32.1,193.0,86521.66,74299.91,8317.61,1661.14,3269.39,0.0,0.0,0.0,0.0,3387.08,48805.66,0.0,0.0,0.0,25494.25,0.0,82617.52,3904.14,Electricity,Purchased,N,No Individual Metering,82617.52,82617.52
129,W97,BUILDING W97,Non-CUP,Lab & Mixed Use,ACADEMIC,(NULL),MIT,WEST,,,,,OWNED,0.0,60.0,30550.79,18065.62,5821.34,745.7,3834.88,0.0,2172.97,0.0,13576.99,1240.76,1970.53,0.0,0.0,0.0,345.13,0.0,23886.96,6663.83,Electricity,Purchased,,,23886.96,23886.96
130,W98,600 Memorial Drive,Non-CUP,Lab & Mixed Use,ACADEMIC,AER,MIT,WEST,,,42.35395541,-71.10664515,OWNED,91.0,553.0,82624.13,47561.94,25282.27,2322.09,18305.49,0.0,391.74,0.0,0.0,4654.69,47056.69,0.0,0.0,0.0,113.51,0.0,72844.21,9779.92,Electricity,Purchased,N,No Individual Metering,72844.21,72844.21
131,WW15,Building WW15,Non-CUP,Lab Dominant,SERVICE,AER,MIT,WESTWEST,1969.0,,42.35536136,-71.10946972,OWNED,16.0,108.0,42145.75,37522.58,2797.37,652.34,1311.81,0.0,6507.45,0.0,0.0,833.22,5487.52,0.0,0.0,0.0,25527.61,0.0,40319.95,1825.8,Electricity,Purchased,N,No Individual Metering,40319.95,40319.95
